<?xml version="1.0" encoding="UTF-8"?>
<project-private xmlns="http://www.netbeans.org/ns/project-private/1">
    <editor-bookmarks xmlns="http://www.netbeans.org/ns/editor-bookmarks/1"/>
    <open-files xmlns="http://www.netbeans.org/ns/projectui-open-files/1">
        <file>file:/C:/WEBS/ITK/CommentsEdit/js/main.js</file>
        <file>file:/C:/WEBS/ITK/CommentsEdit/gettree.php</file>
        <file>file:/C:/WEBS/ITK/CommentsEdit/config.php</file>
        <file>file:/C:/WEBS/ITK/CommentsEdit/getcontent_ajax.php</file>
        <file>file:/C:/WEBS/ITK/CommentsEdit/editcomments.php</file>
        <file>file:/C:/WEBS/ITK/CommentsEdit/submit.php</file>
        <file>file:/C:/WEBS/ITK/CommentsEdit/index.html</file>
        <file>file:/C:/WEBS/ITK/CommentsEdit/js/editdoxygen.js</file>
    </open-files>
</project-private>
